mean,std
224.0063,3.711369170834697
280.3528,1.5871631436132925
309.8187,1.1725025515253027
312.6436,5.2405652409300805
310.7085,4.596685140161095
311.5231,2.605351307085742
310.3472,3.737575738363032