mean,std
2.893899,0.013984399
5.442901,0.115073683
10.7187,0.085706307
19.40136,0.220916431
35.85479,0.352581418
44.37067,0.366884172
47.68665,0.614486697
46.2735,0.387470894