mean,std
98.23139,2.511550436
142.5249,0.902878169
0,0
0,0
0,0
0,0
0,0
0,0
0,0
0,0
0,0