mean,std
86.78916,1.145873398
113.572,1.157728523
0,0
0,0
0,0
0,0
0,0
0,0
0,0
0,0
0,0