mean,std
3.087876,0.046960698
5.556286,0.052474268
10.220115,0.1583276
17.56901,0.331819762
30.35427,0.63788318
33.85854,0.46446383
33.13439,0.618345088
29.32952,0.538140772