mean,std
8.3692,0.252984104
8.572984,0.335192824
14.0991,0.443876587
20.11658,0.57506342
47.65937,0.950624627
54.73832,0.786693109
57.78645,0.589019014
59.42958,0.554976572